호선,역명,장비,호기,고장발생일자,고장발생시간,조치완료일자,조치완료시간,조치소요시간,고장원인
1호선,방촌,E/L,#3,2023-01-02,11:00,2023-01-02,11:40,00:39,(E/L)도어장치 장애
2호선,수성구청,E/L,#1,2023-01-02,13:57,2023-01-02,15:30,01:33,(E/L)도어장치 장애
2호선,내당,E/L,#3,2023-01-02,18:47,2023-01-03,00:00,05:13,(E/L)제어장치 장애
2호선,만촌,E/L,#2,2023-01-03,08:21,2023-01-03,10:30,02:09,(E/L)구동장치 장애
1호선,반월당,E/L,#3,2023-01-04,19:21,2023-01-04,19:45,00:24,(E/L)제어장치 장애
2호선,경대병원,E/L,#2,2023-01-08,05:01,2023-01-08,06:40,01:39,(E/L)부속장치 장애
2호선,문양,E/L,#1,2023-01-08,14:28,2023-01-08,15:50,01:22,(E/L)도어장치 장애
2호선,정평,E/L,#1,2023-01-09,05:13,2023-01-09,09:30,04:17,(E/L)도어장치 장애
1호선,율하,E/L,#3,2023-01-09,11:06,2023-01-09,12:10,01:04,(E/L)제어장치 장애
2호선,감삼,E/L,#3,2023-01-10,11:14,2023-01-10,11:50,00:36,(E/L)도어장치 장애
2호선,내당,E/L,#3,2023-01-11,08:45,2023-01-11,10:30,01:45,(E/L)제어장치 장애
2호선,연호,E/L,#2,2023-01-12,10:25,2023-01-12,13:30,03:05,(E/L)제어장치 장애
2호선,연호,E/L,#2,2023-01-12,15:46,2023-01-12,17:00,01:14,(E/L)감지장치 장애
2호선,내당,E/L,#3,2023-01-12,17:11,2023-01-12,18:30,01:19,(E/L)제어장치 장애
1호선,진천,E/L,#2,2023-01-13,06:17,2023-01-13,07:50,01:33,(E/L)감지장치 장애
1호선,교대,E/L,#1,2023-01-13,10:58,2023-01-13,13:00,02:02,(E/L)부속장치 장애
2호선,죽전,E/L,#3,2023-01-17,08:05,2023-01-17,11:00,02:54,(E/L)도어장치 장애
2호선,내당,E/L,#1,2023-01-18,09:25,2023-01-18,10:00,00:35,(E/L)구동장치 장애
2호선,계명대,E/L,#4,2023-01-18,15:46,2023-01-18,16:00,00:14,(E/L)제어장치 장애
2호선,다사,E/L,#1,2023-01-19,14:04,2023-01-19,15:10,01:06,(E/L)구동장치 장애
2호선,대공원,E/L,#1,2023-01-25,06:21,2023-01-25,11:50,05:29,(E/L)제어장치 장애
1호선,송현,E/L,#1,2023-02-03,14:11,2023-02-03,16:11,02:00,(E/L)제어장치 장애
2호선,대공원,E/L,#6,2023-02-03,16:47,2023-02-03,17:20,00:33,(E/L)제어장치 장애
2호선,감삼,E/L,#3,2023-02-06,14:02,2023-02-06,15:10,01:08,(E/L)감지장치 장애
2호선,문양,E/L,#2,2023-02-07,16:09,2023-02-07,16:50,00:41,(E/L)구동장치 장애
1호선,신천,E/L,#1,2023-02-09,20:50,2023-02-09,22:00,01:10,(E/L)구동장치 장애
1호선,방촌,E/L,#2,2023-02-10,10:07,2023-02-10,10:50,00:43,(E/L)도어장치 장애
2호선,문양,E/L,#2,2023-02-13,10:15,2023-02-13,11:00,00:45,(E/L)구동장치 장애
1호선,반야월,E/L,#1,2023-02-13,12:29,2023-02-13,13:30,01:01,(E/L)도어장치 장애
1호선,신기,E/L,#2,2023-02-14,07:38,2023-02-14,09:10,01:32,(E/L)도어장치 장애
1호선,방촌,E/L,#2,2023-02-16,09:29,2023-02-16,10:05,00:36,(E/L)도어장치 장애
1호선,동구청(큰고개),E/L,#1,2023-02-17,14:53,2023-02-17,15:40,00:47,(E/L)구동장치 장애
1호선,방촌,E/L,#1,2023-02-17,14:55,2023-02-17,15:40,00:45,(E/L)부속장치 장애
2호선,다사,E/L,#1,2023-02-17,18:40,2023-02-17,21:00,02:20,(E/L)제어장치 장애
2호선,다사,E/L,#1,2023-02-18,08:39,2023-02-19,19:00,10:21,(E/L)감지장치 장애
2호선,강창,E/L,#3,2023-02-18,12:18,2023-02-18,13:30,01:12,(E/L)도어장치 장애
1호선,해안,E/L,#4,2023-02-20,17:21,2023-02-20,21:00,03:39,(E/L)감지장치 장애
1호선,동구청(큰고개),E/L,#1,2023-02-21,07:53,2023-02-21,08:30,00:37,(E/L)제어장치 장애
1호선,교대,E/L,#4,2023-02-23,17:20,2023-02-23,18:00,00:40,(E/L)도어장치 장애
2호선,용산,E/L,#1,2023-02-24,05:40,2023-02-24,06:40,01:00,(E/L)제어장치 장애
1호선,해안,E/L,#4,2023-02-27,21:31,2023-02-28,08:00,10:29,(E/L)도어장치 장애
2호선,이곡,E/L,#2,2023-02-28,07:21,2023-02-28,08:50,01:29,(E/L)도어장치 장애
1호선,상인,E/L,#2,2023-02-28,11:12,2023-02-28,11:55,00:43,(E/L)감지장치 장애
2호선,다사,E/L,#2,2023-02-28,11:38,2023-02-28,13:50,02:12,(E/L)제어장치 장애
1호선,영대병원,E/L,#3,2023-02-28,13:36,2023-02-28,14:20,00:44,(E/L)도어장치 장애
1호선,월촌,E/L,#4,2023-02-28,16:15,2023-02-28,17:00,00:45,(E/L)제어장치 장애
1호선,송현,E/L,#2,2023-03-02,05:26,2023-03-02,08:00,02:33,(E/L)도어장치 장애
1호선,안지랑,E/L,#2,2023-03-02,11:23,2023-03-02,14:00,02:37,(E/L)제어장치 장애
1호선,동대구,E/L,#3,2023-03-03,14:33,2023-03-03,16:00,01:27,(E/L)도어장치 장애
1호선,월촌,E/L,#4,2023-03-04,10:46,2023-03-04,11:44,00:58,(E/L)제어장치 장애
1호선,아양교,E/L,#1,2023-03-07,06:32,2023-03-07,07:10,00:38,(E/L)도어장치 장애
1호선,중앙로,E/L,#1,2023-03-07,16:50,2023-03-07,17:40,00:50,(E/L)감지장치 장애
1호선,현충로,E/L,#4,2023-03-08,05:35,2023-03-08,07:00,01:25,(E/L)제어장치 장애
1호선,영대병원,E/L,#2,2023-03-08,05:39,2023-03-08,06:15,00:36,(E/L)제어장치 장애
1호선,월촌,E/L,#4,2023-03-08,09:33,2023-03-08,12:00,02:26,(E/L)제어장치 장애
1호선,대곡,E/L,#1,2023-03-09,16:02,2023-03-09,18:00,01:58,(E/L)감지장치 장애
2호선,용산,E/L,#3,2023-03-13,13:27,2023-03-13,14:00,00:33,(E/L)도어장치 장애
1호선,동구청(큰고개),E/L,#3,2023-03-13,16:03,2023-03-13,16:45,00:42,(E/L)도어장치 장애
1호선,명덕,E/L,#1,2023-03-13,18:20,2023-03-14,11:20,17:00,(E/L)구동장치 장애
1호선,명덕,E/L,#1,2023-03-15,16:20,2023-03-15,19:30,03:10,(E/L)구동장치 장애
1호선,서부정류장,E/L,#2,2023-03-16,12:41,2023-03-16,13:05,00:24,(E/L)도어장치 장애
1호선,방촌,E/L,#2,2023-03-18,14:36,2023-03-18,15:30,00:54,(E/L)부속장치 장애
1호선,화원,E/L,#1,2023-03-20,14:52,2023-03-20,17:20,02:28,(E/L)부속장치 장애
1호선,방촌,E/L,#1,2023-03-21,15:00,2023-03-21,15:45,00:45,(E/L)도어장치 장애
1호선,설화명곡,E/L,#3,2023-03-21,23:45,2023-03-22,07:10,07:25,(E/L)구동장치 장애
1호선,월배,E/L,#2,2023-03-22,07:57,2023-03-22,18:00,10:03,(E/L)구동장치 장애
1호선,설화명곡,E/L,#3,2023-03-22,18:50,2023-03-23,12:30,17:40,(E/L)구동장치 장애
1호선,대곡,E/L,#1,2023-03-23,10:30,2023-03-23,11:30,00:59,(E/L)도어장치 장애
1호선,각산,E/L,#1,2023-03-24,07:50,2023-03-24,09:00,01:10,(E/L)감지장치 장애
2호선,정평,E/L,#1,2023-03-24,10:00,2023-03-24,13:30,03:30,(E/L)제어장치 장애
1호선,율하,E/L,#1,2023-03-24,13:16,2023-03-24,15:30,02:14,(E/L)구동장치 장애
2호선,대구은행,E/L,#2,2023-03-25,15:07,2023-03-25,15:50,00:43,(E/L)감지장치 장애
1호선,동대구,E/L,#3,2023-03-27,06:48,2023-03-27,07:10,00:22,(E/L)도어장치 장애
2호선,다사,E/L,#1,2023-03-29,11:59,2023-03-29,14:20,02:20,(E/L)제어장치 장애
1호선,명덕,E/L,#1,2023-03-29,19:26,2023-03-30,11:50,16:24,(E/L)구동장치 장애
1호선,송현,E/L,#2,2023-03-30,17:55,2023-03-30,19:00,01:05,(E/L)도어장치 장애
2호선,내당,E/L,#1,2023-03-31,05:20,2023-03-31,06:25,01:05,(E/L)제어장치 장애
2호선,죽전,E/L,#3,2023-04-02,13:41,2023-04-02,14:25,00:44,(E/L)도어장치 장애
2호선,문양,E/L,#1,2023-04-03,16:33,2023-04-03,18:00,01:26,(E/L)도어장치 장애
1호선,월촌,E/L,#3,2023-04-04,17:12,2023-04-04,18:00,00:48,(E/L)도어장치 장애
2호선,사월,E/L,#1,2023-04-05,15:53,2023-04-05,16:30,00:37,(E/L)제어장치 장애
1호선,안지랑,E/L,#3,2023-04-06,06:00,2023-04-06,06:40,00:40,(E/L)부속장치 장애
2호선,대공원,E/L,#6,2023-04-13,23:20,2023-04-14,10:30,11:10,(E/L)도어장치 장애
2호선,대공원,E/L,#5,2023-04-14,05:45,2023-04-14,06:15,00:30,(E/L)부속장치 장애
2호선,2반월당,E/L,#2,2023-04-15,13:20,2023-04-15,13:50,00:30,(E/L)부속장치 장애
2호선,다사,E/L,#1,2023-04-17,12:24,2023-04-17,13:50,01:26,(E/L)도어장치 장애
1호선,신천,E/L,#1,2023-04-18,16:01,2023-04-18,17:25,01:24,(E/L)구동장치 장애
1호선,칠성시장,E/L,#1,2023-04-19,08:32,2023-04-19,09:20,00:48,(E/L)도어장치 장애
1호선,방촌,E/L,#2,2023-04-19,10:18,2023-04-19,10:45,00:27,(E/L)도어장치 장애
1호선,동구청(큰고개),E/L,#1,2023-04-21,14:43,2023-04-21,16:00,01:17,(E/L)구동장치 장애
2호선,정평,E/L,#4,2023-04-22,21:59,2023-04-22,23:00,01:01,(E/L)도어장치 장애
2호선,수성구청,E/L,#2,2023-04-24,13:08,2023-04-24,14:00,00:52,(E/L)구동장치 장애
1호선,대곡,E/L,#1,2023-04-25,17:40,2023-04-25,18:40,01:00,(E/L)도어장치 장애
1호선,신기,E/L,#4,2023-04-26,12:43,2023-04-26,13:55,01:12,(E/L)감지장치 장애
2호선,강창,E/L,#3,2023-04-27,05:12,2023-04-27,07:30,02:18,(E/L)제어장치 장애
1호선,동대구,E/L,#4,2023-05-01,15:48,2023-05-01,16:20,00:32,(E/L)도어장치 장애
2호선,죽전,E/L,#1,2023-05-02,09:33,2023-05-02,10:50,01:17,(E/L)제어장치 장애
1호선,월촌,E/L,#2,2023-05-02,13:40,2023-05-02,15:00,01:20,(E/L)제어장치 장애
1호선,신천,E/L,#2,2023-05-03,18:40,2023-05-03,19:50,01:10,(E/L)구동장치 장애
3호선,달성공원,E/L,#1,2023-05-03,19:20,2023-05-03,20:00,00:40,(E/L)도어장치 장애
,팔달시장,E/L,#1,2023-05-04,10:51,2023-05-04,14:25,03:34,(E/L)도어장치 장애
2호선,두류,E/L,#1,2023-05-05,11:43,2023-05-05,12:30,00:47,(E/L)구동장치 장애
1호선,대곡,E/L,#1,2023-05-06,16:36,2023-05-06,18:30,01:53,(E/L)부속장치 장애
2호선,청라언덕,E/L,#3,2023-05-07,09:33,2023-05-07,10:05,00:32,(E/L)도어장치 장애
1호선,동구청(큰고개),E/L,#3,2023-05-08,13:49,2023-05-08,14:50,01:01,(E/L)도어장치 장애
1호선,용계,E/L,#1,2023-05-12,16:40,2023-05-12,17:10,00:30,(E/L)도어장치 장애
2호선,성서산단,E/L,#2,2023-05-12,17:57,2023-05-12,20:45,02:48,(E/L)제어장치 장애
2호선,용산,E/L,#1,2023-05-15,05:29,2023-05-15,06:30,01:01,(E/L)제어장치 장애
1호선,안심,E/L,#2,2023-05-15,18:15,2023-05-15,19:20,01:05,(E/L)감지장치 장애
1호선,진천,E/L,#1,2023-05-15,20:23,2023-05-15,21:00,00:37,(E/L)부속장치 장애
2호선,감삼,E/L,#2,2023-05-16,11:27,2023-05-16,12:30,01:03,(E/L)부속장치 장애
1호선,안심,E/L,#2,2023-05-16,14:20,2023-05-16,15:20,00:59,(E/L)감지장치 장애
1호선,안심,E/L,#2,2023-05-16,22:24,2023-05-17,08:00,09:36,(E/L)감지장치 장애
2호선,용산,E/L,#1,2023-05-17,05:39,2023-05-17,06:20,00:41,(E/L)제어장치 장애
2호선,사월,E/L,#1,2023-05-17,14:12,2023-05-17,15:00,00:48,(E/L)도어장치 장애
1호선,월촌,E/L,#2,2023-05-20,12:42,2023-05-20,13:40,00:58,(E/L)제어장치 장애
2호선,만촌,E/L,#2,2023-05-26,02:11,2023-05-26,06:50,04:39,(E/L)감지장치 장애
1호선,대곡,E/L,#1,2023-05-27,09:20,2023-05-27,11:00,01:40,(E/L)도어장치 장애
2호선,성서산단,E/L,#1,2023-05-30,05:48,2023-05-30,06:40,00:52,(E/L)부속장치 장애
1호선,대구역,E/L,#2,2023-06-01,08:31,2023-06-01,09:20,00:48,(E/L)감지장치 장애
2호선,반고개,E/L,#2,2023-06-03,07:55,2023-06-03,08:35,00:40,(E/S)구동장치 장애
2호선,임당,E/L,#4,2023-06-07,05:21,2023-06-07,09:30,04:09,(E/L)도어장치 장애
1호선,교대,E/L,#1,2023-06-08,14:37,2023-06-08,15:00,00:23,(E/L)도어장치 장애
1호선,중앙로,E/L,#3,2023-06-09,05:49,2023-06-09,07:00,01:11,(E/L)부속장치 장애
1호선,해안,E/L,#4,2023-06-09,07:07,2023-06-09,08:00,00:53,(E/L)도어장치 장애
1호선,아양교,E/L,#1,2023-06-09,08:17,2023-06-09,08:50,00:33,(E/L)도어장치 장애
2호선,다사,E/L,#2,2023-06-09,09:01,2023-06-09,10:00,00:59,(E/L)부속장치 장애
2호선,정평,E/L,#2,2023-06-11,17:12,2023-06-11,19:00,01:48,(E/L)도어장치 장애
2호선,용산,E/L,#1,2023-06-12,05:47,2023-06-12,07:30,01:43,(E/L)제어장치 장애
1호선,송현,E/L,#2,2023-06-12,11:44,2023-06-12,12:10,00:26,(E/L)도어장치 장애
2호선,수성구청,E/L,#2,2023-06-12,14:50,2023-06-12,16:35,01:45,(E/L)구동장치 장애
1호선,진천,E/L,#1,2023-06-14,08:25,2023-06-14,10:50,02:24,(E/L)제어장치 장애
1호선,방촌,E/L,#1,2023-06-15,09:45,2023-06-15,11:00,01:15,(E/L)도어장치 장애
1호선,방촌,E/L,#1,2023-06-16,15:07,2023-06-16,16:10,01:03,(E/L)도어장치 장애
1호선,월촌,E/L,#3,2023-06-17,07:42,2023-06-17,10:20,02:37,(E/L)제어장치 장애
1호선,안심,E/L,#2,2023-06-17,09:37,2023-06-17,10:30,00:53,(E/L)부속장치 장애
2호선,다사,E/L,#2,2023-06-20,14:46,2023-06-20,19:30,04:44,(E/L)제어장치 장애
1호선,설화명곡,E/L,#2,2023-06-20,14:50,2023-06-20,17:00,02:10,(E/L)구동장치 장애
2호선,성서산단,E/L,#2,2023-06-21,14:20,2023-06-21,15:18,00:58,(E/L)도어장치 장애
2호선,계명대,E/L,#4,2023-06-22,05:31,2023-06-22,06:29,00:57,(E/L)제어장치 장애
2호선,강창,E/L,#3,2023-06-22,06:12,2023-06-22,10:30,04:17,(E/L)제어장치 장애
1호선,아양교,E/L,#1,2023-06-22,14:19,2023-06-22,15:00,00:41,(E/L)도어장치 장애
1호선,반월당,E/L,#4,2023-06-23,05:44,2023-06-23,09:20,03:36,(E/L)제어장치 장애
2호선,용산,E/L,#1,2023-06-24,06:04,2023-06-24,07:20,01:15,(E/L)제어장치 장애
2호선,용산,E/L,#1,2023-06-25,07:47,2023-06-25,08:58,01:11,(E/L)제어장치 장애
2호선,반고개,E/L,#2,2023-06-26,10:34,2023-06-26,11:30,00:56,(E/L)부속장치 장애
1호선,해안,E/L,#1,2023-06-27,17:05,2023-06-27,17:30,00:25,(E/L)부속장치 장애
1호선,신천,E/L,#2,2023-06-28,15:09,2023-06-28,16:00,00:50,(E/L)도어장치 장애
1호선,교대,E/L,#3,2023-06-28,16:00,2023-06-28,16:55,00:55,(E/L)도어장치 장애
2호선,영남대,E/L,#2,2023-06-29,17:39,2023-06-29,19:50,02:11,(E/L)도어장치 장애
1호선,상인,E/L,#2,2023-07-01,13:03,2023-07-01,14:05,01:02,(E/L)구동장치 장애
1호선,방촌,E/L,#2,2023-07-05,13:49,2023-07-05,15:00,01:11,(E/L)도어장치 장애
1호선,방촌,E/L,#2,2023-07-05,21:30,2023-07-05,22:20,00:50,(E/L)도어장치 장애
2호선,사월,E/L,#1,2023-07-06,07:59,2023-07-06,12:00,04:01,(E/L)도어장치 장애
1호선,방촌,E/L,#2,2023-07-08,11:15,2023-07-08,12:20,01:05,(E/L)도어장치 장애
1호선,해안,E/L,#3,2023-07-10,17:10,2023-07-10,17:50,00:40,(E/L)도어장치 장애
2호선,영남대,E/L,#2,2023-07-14,08:10,2023-07-14,11:20,03:10,(E/L)도어장치 장애
2호선,반고개,E/L,#2,2023-07-14,14:26,2023-07-14,14:40,00:14,(E/L)부속장치 장애
2호선,대공원,E/L,#6,2023-07-17,16:15,2023-07-17,18:00,01:45,(E/L)도어장치 장애
2호선,대공원,E/L,#6,2023-07-17,21:35,2023-07-17,23:15,01:40,(E/L)도어장치 장애
2호선,강창,E/L,#3,2023-07-18,06:41,2023-07-18,10:35,03:54,(E/L)제어장치 장애
1호선,아양교,E/L,#2,2023-07-18,16:02,2023-07-18,16:45,00:43,(E/L)도어장치 장애
2호선,강창,E/L,#3,2023-07-18,12:45,2023-07-18,18:00,05:15,(E/L)제어장치 장애
2호선,감삼,E/L,#3,2023-07-19,06:02,2023-07-19,06:50,00:48,(E/L)도어장치 장애
1호선,서부정류장,E/L,#2,2023-07-19,06:36,2023-07-19,09:00,02:24,(E/L)도어장치 장애
1호선,신기,E/L,#1,2023-07-19,16:31,2023-07-19,17:20,00:48,(E/L)구동장치 장애
1호선,월촌,E/L,#4,2023-07-20,23:15,2023-07-21,00:00,00:45,(E/L)감지장치 장애
2호선,성서산단,E/L,#1,2023-07-22,14:31,2023-07-22,16:00,01:29,(E/L)제어장치 장애
1호선,안지랑,E/L,#4,2023-07-22,15:11,2023-07-22,16:10,00:59,(E/L)감지장치 장애
2호선,영남대,E/L,#2,2023-07-22,17:20,2023-07-22,19:00,01:40,(E/L)도어장치 장애
1호선,대곡,E/L,#1,2023-07-24,09:33,2023-07-24,10:30,00:57,(E/L)구동장치 장애
1호선,방촌,E/L,#2,2023-07-25,11:49,2023-07-25,13:00,01:11,(E/L)제어장치 장애
1호선,안지랑,E/L,#2,2023-07-26,10:01,2023-07-26,15:00,04:59,(E/L)제어장치 장애
1호선,신기,E/L,#1,2023-07-26,15:24,2023-07-26,16:00,00:36,(E/L)구동장치 장애
2호선,경대병원,E/L,#1,2023-07-27,21:11,2023-07-27,22:55,01:44,(E/L)감지장치 장애
1호선,설화명곡,E/L,#1,2023-07-28,21:54,2023-07-28,23:10,01:16,(E/L)도어장치 장애
1호선,대곡,E/L,#1,2023-07-31,09:33,2023-07-31,10:55,01:22,(E/L)구동장치 장애
2호선,영남대,E/L,#2,2023-07-31,21:38,2023-07-31,22:40,01:02,(E/L)도어장치 장애
2호선,경대병원,E/L,#1,2023-08-02,18:56,2023-08-02,20:10,01:14,(E/L)도어장치 장애
1호선,중앙로,E/L,#2,2023-08-04,13:05,2023-08-04,13:50,00:45,(E/L)제어장치 장애
1호선,월배,E/L,#4,2023-08-04,13:57,2023-08-04,14:40,00:43,(E/L)도어장치 장애
2호선,감삼,E/L,#1,2023-08-07,09:57,2023-08-07,10:25,00:28,(E/L)부속장치 장애
1호선,반야월,E/L,#1,2023-08-10,05:58,2023-08-10,09:30,03:32,(E/L)도어장치 장애
1호선,신기,E/L,#1,2023-08-11,14:00,2023-08-11,16:00,02:00,(E/L)감지장치 장애
1호선,진천,E/L,#2,2023-08-14,09:25,2023-08-14,10:45,01:20,(E/L)도어장치 장애
1호선,영대병원,E/L,#1,2023-08-15,00:00,2023-08-15,15:30,15:30,(E/L)구동장치 장애
2호선,성서산단,E/L,#2,2023-08-15,22:49,2023-08-15,23:50,01:01,(E/L)감지장치 장애
1호선,안지랑,E/L,#2,2023-08-16,19:36,2023-08-16,20:20,00:44,(E/L)부속장치 장애
1호선,용계,E/L,#3,2023-08-17,17:30,2023-08-17,20:00,02:30,(E/L)제어장치 장애
1호선,신천,E/L,#1,2023-08-18,13:35,2023-08-18,15:00,01:25,(E/L)구동장치 장애
2호선,죽전,E/L,#3,2023-08-18,18:58,2023-08-18,19:50,00:52,(E/L)제어장치 장애
2호선,사월,E/L,#1,2023-08-19,05:30,2023-08-19,06:50,01:20,(E/L)제어장치 장애
2호선,대공원,E/L,#4,2023-08-20,22:33,2023-08-20,23:30,00:57,(E/L)구동장치 장애
2호선,대공원,E/L,#4,2023-08-21,06:38,2023-08-21,08:30,01:52,(E/L)구동장치 장애
2호선,범어,E/L,#1,2023-08-21,10:41,2023-08-21,11:30,00:49,(E/L)도어장치 장애
1호선,동대구,E/L,#2,2023-08-22,08:45,2023-08-22,09:30,00:45,(E/L)부속장치 장애
2호선,다사,E/L,#1,2023-08-23,10:58,2023-08-23,11:35,00:37,(E/L)도어장치 장애
1호선,현충로,E/L,#1,2023-08-23,18:13,2023-08-23,19:05,00:52,(E/L)도어장치 장애
2호선,다사,E/L,#1,2023-08-23,22:08,2023-08-23,22:55,00:47,(E/L)도어장치 장애
2호선,성서산단,E/L,#2,2023-08-25,17:16,2023-08-25,19:00,01:44,(E/L)감지장치 장애
1호선,방촌,E/L,#2,2023-08-27,16:34,2023-08-27,17:35,01:01,(E/L)도어장치 장애
2호선,두류,E/L,#1,2023-08-29,09:33,2023-08-29,10:40,01:06,(E/L)부속장치 장애
1호선,현충로,E/L,#1,2023-08-29,20:32,2023-08-29,22:30,01:58,(E/L)도어장치 장애
1호선,신천,E/L,#2,2023-09-04,13:50,2023-09-04,15:40,01:50,(E/L)구동장치 장애
1호선,반야월,E/L,#4,2023-09-06,22:41,2023-09-07,10:00,11:19,(E/L)도어장치 장애
1호선,방촌,E/L,#2,2023-09-08,20:52,2023-09-09,08:10,11:18,(E/L)구동장치 장애
2호선,반고개,E/L,#1,2023-09-11,11:43,2023-09-11,12:25,00:41,(E/L)부속장치 장애
2호선,강창,E/L,#1,2023-09-16,20:08,2023-09-16,21:00,00:52,(E/L)제어장치 장애
1호선,대곡,E/L,#2,2023-09-17,21:59,2023-09-18,11:30,13:31,(E/L)도어장치 장애
1호선,대곡,E/L,#1,2023-09-18,14:45,2023-09-18,16:00,01:15,(E/L)구동장치 장애
1호선,방촌,E/L,#3,2023-09-21,14:39,2023-09-21,15:30,00:50,(E/L)도어장치 장애
2호선,다사,E/L,#4,2023-09-26,16:15,2023-09-26,17:15,01:00,(E/L)도어장치 장애
2호선,신매,E/L,#2,2023-09-27,08:34,2023-09-27,11:20,02:46,(E/L)제어장치 장애
2호선,대공원,E/L,#1,2023-09-30,16:52,2023-09-30,18:40,01:48,(E/L)도어장치 장애
2호선,고산,E/L,#1,2023-10-01,10:17,2023-10-01,11:05,00:48,(E/L)구동장치 장애
1호선,설화명곡,E/L,#1,2023-10-01,15:07,2023-10-01,16:10,01:03,(E/L)도어장치 장애
1호선,반월당,E/L,#2,2023-10-02,15:50,2023-10-02,17:45,01:55,(E/L)도어장치 장애
2호선,대공원,E/L,#1,2023-10-08,11:57,2023-10-08,14:00,02:03,(E/L)제어장치 장애
2호선,사월,E/L,#1,2023-10-09,19:18,2023-10-09,21:23,02:05,(E/L)제어장치 장애
1호선,신기,E/L,#1,2023-10-10,13:45,2023-10-10,15:40,01:55,(E/L)구동장치 장애
1호선,월촌,E/L,#4,2023-10-16,06:24,2023-10-16,08:00,01:35,(E/L)도어장치 장애
1호선,월촌,E/L,#2,2023-10-18,05:30,2023-10-18,06:10,00:40,(E/L)제어장치 장애
2호선,두류,E/L,#1,2023-10-18,15:56,2023-10-18,16:20,00:24,(E/L)부속장치 장애
2호선,대공원,E/L,#6,2023-10-22,11:58,2023-10-22,13:13,01:15,(E/L)도어장치 장애
1호선,안지랑,E/L,#2,2023-10-31,09:12,2023-10-31,10:10,00:58,(E/L)제어장치 장애
1호선,송현,E/L,#2,2023-10-31,10:02,2023-10-31,11:00,00:57,(E/L)도어장치 장애
2호선,내당,E/L,#1,2023-11-03,09:54,2023-11-03,11:30,01:36,(E/L)도어장치 장애
1호선,중앙로,E/L,#1,2023-11-04,11:35,2023-11-04,12:25,00:50,(E/L)제어장치 장애
1호선,신천,E/L,#1,2023-11-06,09:08,2023-11-06,09:50,00:42,(E/L)구동장치 장애
2호선,영남대,E/L,#3,2023-11-08,16:49,2023-11-08,17:40,00:51,(E/L)도어장치 장애
1호선,교대,E/L,#2,2023-11-08,21:40,2023-11-08,22:40,00:59,(E/L)도어장치 장애
1호선,신기,E/L,#1,2023-11-09,17:28,2023-11-09,18:15,00:47,(E/L)구동장치 장애
1호선,화원,E/L,#2,2023-11-10,09:53,2023-11-10,10:45,00:52,(E/L)도어장치 장애
2호선,내당,E/L,#3,2023-11-12,05:25,2023-11-12,06:30,01:05,(E/L)제어장치 장애
1호선,월촌,E/L,#4,2023-11-13,11:43,2023-11-13,12:20,00:37,(E/L)부속장치 장애
1호선,신기,E/L,#1,2023-11-13,15:01,2023-11-13,15:50,00:49,(E/L)구동장치 장애
1호선,동구청(큰고개),E/L,#2,2023-11-13,18:57,2023-11-13,20:00,01:03,(E/L)도어장치 장애
1호선,중앙로,E/L,#3,2023-11-14,05:52,2023-11-14,07:00,01:08,(E/L)부속장치 장애
1호선,명덕,E/L,#1,2023-11-14,15:30,2023-11-14,16:05,00:35,(E/L)구동장치 장애
1호선,안심,E/L,#1,2023-11-14,18:57,2023-11-14,21:30,02:33,(E/L)구동장치 장애
1호선,상인,E/L,#2,2023-11-15,08:15,2023-11-15,09:00,00:45,(E/L)제어장치 장애
1호선,월촌,E/L,#2,2023-11-16,16:16,2023-11-16,17:10,00:54,(E/L)제어장치 장애
2호선,다사,E/L,#4,2023-11-17,06:30,2023-11-17,11:00,04:30,(E/L)제어장치 장애
2호선,감삼,E/L,#2,2023-11-19,17:24,2023-11-19,18:30,01:06,(E/L)감지장치 장애
2호선,다사,E/L,#4,2023-11-20,14:16,2023-11-20,15:15,00:59,(E/L)제어장치 장애
2호선,정평,E/L,#1,2023-11-21,05:40,2023-11-21,09:10,03:30,(E/L)제어장치 장애
2호선,다사,E/L,#4,2023-11-21,18:23,2023-11-21,19:30,01:06,(E/L)제어장치 장애
1호선,설화명곡,E/L,#1,2023-11-22,07:40,2023-11-22,09:30,01:50,(E/L)도어장치 장애
1호선,반월당,E/L,#3,2023-11-23,17:26,2023-11-23,18:20,00:54,(E/L)제어장치 장애
1호선,해안,E/L,#4,2023-11-24,17:00,2023-11-24,18:30,01:30,(E/L)제어장치 장애
1호선,해안,E/L,#4,2023-11-25,10:46,2023-11-25,14:00,03:14,(E/L)제어장치 장애
1호선,동구청(큰고개),E/L,#2,2023-11-26,09:29,2023-11-26,10:40,01:11,(E/L)제어장치 장애
2호선,강창,E/L,#1,2023-11-27,15:13,2023-11-27,16:00,00:47,(E/L)부속장치 장애
2호선,2반월당,E/L,#2,2023-11-29,09:02,2023-11-29,10:40,01:38,(E/L)제어장치 장애
2호선,용산,E/L,#1,2023-11-29,14:43,2023-11-29,15:30,00:47,(E/L)제어장치 장애
2호선,다사,E/L,#4,2023-11-29,16:10,2023-11-29,18:00,01:50,(E/L)제어장치 장애
2호선,용산,E/L,#1,2023-11-29,17:30,2023-11-29,18:30,00:59,(E/L)제어장치 장애
1호선,월촌,E/L,#2,2023-11-30,06:01,2023-11-30,07:30,01:29,(E/L)제어장치 장애
2호선,용산,E/L,#1,2023-11-30,12:09,2023-11-30,13:00,00:51,(E/L)제어장치 장애
2호선,용산,E/L,#1,2023-11-30,15:27,2023-11-30,16:20,00:53,(E/L)제어장치 장애
2호선,반고개,E/L,#1,2023-12-01,10:17,2023-12-01,10:30,00:13,(E/S)부속장치 장애
2호선,용산,E/L,#1,2023-12-01,15:30,2023-12-01,16:30,00:59,(E/S)제어장치 장애
1호선,월촌,E/L,#2,2023-12-03,05:48,2023-12-03,06:55,01:07,(E/L)제어장치 장애
1호선,용계,E/L,#1,2023-12-04,09:30,2023-12-04,10:05,00:35,(E/L)도어장치 장애
2호선,다사,E/L,#1,2023-12-04,14:10,2023-12-04,15:00,00:50,(E/L)도어장치 장애
2호선,대실,E/L,#1,2023-12-04,18:15,2023-12-04,19:10,00:55,(E/L)도어장치 장애
2호선,사월,E/L,#2,2023-12-05,08:08,2023-12-05,11:00,02:52,(E/L)부속장치 장애
2호선,만촌,E/L,#1,2023-12-07,09:32,2023-12-07,10:40,01:08,(E/L)도어장치 장애
1호선,신기,E/L,#2,2023-12-09,11:59,2023-12-09,12:40,00:41,(E/L)도어장치 장애
2호선,대실,E/L,#2,2023-12-12,12:05,2023-12-12,13:10,01:05,(E/L)제어장치 장애
2호선,이곡,E/L,#1,2023-12-12,16:53,2023-12-12,17:30,00:37,(E/L)부속장치 장애
2호선,용산,E/L,#1,2023-12-13,10:26,2023-12-13,11:30,01:04,(E/L)도어장치 장애
1호선,신기,E/L,#2,2023-12-13,15:53,2023-12-13,18:10,02:17,(E/L)제어장치 장애
2호선,용산,E/L,#1,2023-12-13,15:58,2023-12-13,16:40,00:42,(E/L)도어장치 장애
2호선,다사,E/L,#1,2023-12-14,17:25,2023-12-14,18:20,00:55,(E/L)도어장치 장애
2호선,정평,E/L,#4,2023-12-15,11:08,2023-12-15,11:45,00:37,(E/L)부속장치 장애
3호선,수성못(TBC),E/L,#1,2023-12-16,12:50,2023-12-17,13:58,01:08,(E/L)도어장치 장애
2호선,담티,E/L,#1,2023-12-16,15:04,2023-12-16,15:35,00:31,(E/L)제어장치 장애
1호선,반월당,E/L,#1,2023-12-16,20:33,2023-12-16,22:30,01:57,(E/L)제어장치 장애
2호선,내당,E/L,#2,2023-12-17,09:35,2023-12-17,10:30,00:55,(E/L)부속장치 장애
2호선,내당,E/L,#3,2023-12-17,09:36,2023-12-17,10:30,00:54,(E/L)부속장치 장애
2호선,경대병원,E/L,#3,2023-12-17,12:39,2023-12-17,13:43,01:04,(E/L)도어장치 장애
2호선,대실,E/L,#4,2023-12-18,09:40,2023-12-18,10:40,01:00,(E/L)도어장치 장애
2호선,정평,E/L,#1,2023-12-18,12:40,2023-12-18,13:20,00:40,(E/L)도어장치 장애
2호선,경대병원,E/L,#3,2023-12-19,17:10,2023-12-19,18:25,01:15,(E/L)도어장치 장애
1호선,상인,E/L,#2,2023-12-19,17:31,2023-12-19,19:30,01:59,(E/L)감지장치 장애
1호선,화원,E/L,#4,2023-12-20,15:41,2023-12-20,17:40,01:59,(E/L)도어장치 장애
1호선,반월당,E/L,#1,2023-12-21,19:28,2023-12-21,20:30,01:02,(E/L)제어장치 장애
2호선,대실,E/L,#2,2023-12-22,11:50,2023-12-22,15:00,03:10,(E/L)도어장치 장애
2호선,대실,E/L,#2,2023-12-23,05:28,2023-12-23,06:50,01:22,(E/L)제어장치 장애
2호선,다사,E/L,#1,2023-12-23,11:43,2023-12-23,12:20,00:37,(E/L)부속장치 장애
2호선,문양,E/L,#2,2023-12-23,11:12,2023-12-23,12:30,01:17,(E/L)도어장치 장애
2호선,대실,E/L,#2,2023-12-23,21:09,2023-12-23,21:55,00:46,(E/L)부속장치 장애
2호선,임당,E/L,#4,2023-12-24,05:35,2023-12-24,07:10,01:35,(E/L)도어장치 장애
1호선,월촌,E/L,#2,2023-12-24,05:35,2023-12-24,06:25,00:50,(E/L)감지장치 장애
2호선,신매,E/L,#1,2023-12-26,07:50,2023-12-26,08:40,00:50,(E/L)부속장치 장애
2호선,내당,E/L,#1,2023-12-28,14:37,2023-12-28,15:30,00:53,(E/L)도어장치 장애
2호선,경대병원,E/L,#2,2023-12-30,14:20,2023-12-30,16:30,02:09,(E/L)제어장치 장애
2호선,다사,E/L,#3,2023-12-31,20:40,2023-12-31,21:30,00:50,(E/L)도어장치 장애
1호선,대구역,E/L,#1,2024-01-09,09:25,2024-01-09,15:30,06:05,(E/L)도어장치 장애
1호선,반월당,E/L,#3,2024-01-11,08:05,2024-01-11,10:00,01:55,(E/L)감지장치 장애
1호선,월촌,E/L,#2,2024-01-16,05:38,2024-01-16,06:30,00:52,(E/L)제어장치 장애
1호선,월촌,E/L,#2,2024-01-18,05:30,2024-01-18,07:00,01:30,(E/L)부속장치 장애
1호선,월촌,E/L,#2,2024-01-21,05:43,2024-01-21,06:00,00:17,(E/L)제어장치 장애
2호선,내당,E/L,#1,2024-01-21,19:00,2024-01-21,19:40,00:40,(E/L)부속장치 장애
2호선,임당,E/L,#2,2024-01-22,05:33,2024-01-22,06:40,01:07,(E/L)도어장치 장애
1호선,월배,E/L,#1,2024-01-22,18:27,2024-01-22,20:10,01:43,(E/L)제어장치 장애
2호선,대구은행,E/L,#2,2024-01-23,05:30,2024-01-23,06:15,00:45,(E/L)부속장치 장애
1호선,율하,E/L,#3,2024-01-23,08:10,2024-01-23,12:00,03:50,(E/L)도어장치 장애
1호선,동대구,E/L,#4,2024-01-23,11:55,2024-01-23,14:00,02:05,(E/L)도어장치 장애
1호선,월촌,E/L,#2,2024-01-24,05:37,2024-01-24,11:30,05:53,(E/L)제어장치 장애
1호선,각산,E/L,#4,2024-01-25,12:55,2024-01-25,13:50,00:55,(E/S)기타 장애
1호선,월촌,E/L,#2,2024-01-27,05:30,2024-01-27,07:00,01:30,(E/L)제어장치 장애
2호선,임당,E/L,#1,2024-01-27,08:54,2024-01-27,09:30,00:36,(E/L)감지장치 장애
1호선,월촌,E/L,#2,2024-01-28,05:32,2024-01-28,07:10,01:38,(E/L)제어장치 장애
1호선,월촌,E/L,#2,2024-01-29,05:30,2024-01-29,07:30,02:00,(E/L)제어장치 장애
2호선,정평,E/L,#1,2024-01-29,05:49,2024-01-29,07:40,01:51,(E/L)도어장치 장애
1호선,월촌,E/L,#2,2024-01-30,05:27,2024-01-30,06:40,01:13,(E/S)제어장치 장애
2호선,용산,E/L,#1,2024-01-30,09:23,2024-01-30,10:00,00:37,(E/L)부속장치 장애
1호선,월촌,E/L,#2,2024-01-31,05:30,2024-01-31,07:30,02:00,(E/L)제어장치 장애
1호선,월촌,E/L,#2,2024-02-01,05:25,2024-02-01,06:30,01:05,(E/L)제어장치 장애
1호선,동촌,E/L,#1,2024-02-01,20:17,2024-02-02,07:30,11:13,(E/L)감지장치 장애
2호선,대실,E/L,#1,2024-02-02,18:04,2024-02-02,19:20,01:16,(E/L)도어장치 장애
1호선,월촌,E/L,#2,2024-02-03,05:27,2024-02-03,07:00,01:33,(E/L)제어장치 장애
2호선,내당,E/L,#1,2024-02-03,08:08,2024-02-03,08:48,00:40,(E/L)부속장치 장애
1호선,월촌,E/L,#2,2024-02-04,06:00,2024-02-04,07:10,01:10,(E/L)제어장치 장애
2호선,정평,E/L,#1,2024-02-05,05:28,2024-02-05,08:30,03:02,(E/L)구동장치 장애
3호선,매천,E/L,#2,2024-02-05,10:00,2024-02-05,18:00,08:00,(E/S)제어장치 장애
1호선,월촌,E/L,#2,2024-02-06,05:30,2024-02-06,06:20,00:50,(E/L)제어장치 장애
2호선,내당,E/L,#1,2024-02-06,10:26,2024-02-06,11:15,00:49,(E/L)부속장치 장애
2호선,성서산단,E/L,#1,2024-02-07,13:26,2024-02-07,14:40,01:14,(E/L)도어장치 장애
1호선,반월당,E/L,#1,2024-02-12,15:44,2024-02-12,17:00,01:15,(E/L)제어장치 장애
1호선,중앙로,E/L,#4,2024-02-13,18:05,2024-02-13,19:10,01:04,(E/L)구동장치 장애
2호선,경대병원,E/L,#2,2024-02-15,05:35,2024-02-15,08:00,02:25,(E/L)제어장치 장애
2호선,영남대,E/L,#3,2024-02-16,08:41,2024-02-16,10:10,01:29,(E/L)제어장치 장애
1호선,아양교,E/L,#1,2024-02-20,20:56,2024-02-20,21:15,00:19,(E/L)부속장치 장애
2호선,반고개,E/L,#2,2024-02-21,16:49,2024-02-21,17:15,00:26,(E/L)부속장치 장애
2호선,정평,E/L,#2,2024-02-23,09:12,2024-02-23,10:10,00:58,(E/L)도어장치 장애
2호선,청라언덕,E/L,#1,2024-02-23,19:35,2024-02-23,20:50,01:15,(E/L)부속장치 장애
2호선,청라언덕,E/L,#3,2024-02-23,19:35,2024-02-23,20:50,01:15,(E/L)부속장치 장애
1호선,반월당,E/L,#1,2024-02-26,19:02,2024-02-26,20:00,00:58,(E/L)제어장치 장애
1호선,서부정류장,E/L,#1,2024-02-27,08:21,2024-02-27,09:20,00:59,(E/L)감지장치 장애
1호선,반월당,E/L,#2,2024-02-27,20:59,2024-02-27,22:00,01:01,(E/L)제어장치 장애
2호선,반고개,E/L,#1,2024-02-28,21:20,2024-02-28,21:35,00:15,(E/L)부속장치 장애
1호선,반월당,E/L,#3,2024-03-03,17:55,2024-03-03,18:20,00:25,(E/L)도어장치 장애
2호선,대구은행,E/L,#2,2024-03-04,12:48,2024-03-04,13:50,01:02,(E/L)구동장치 장애
2호선,만촌,E/L,#1,2024-03-05,07:52,2024-03-05,09:00,01:08,(E/L)도어장치 장애
3호선,공단,E/L,#2,2024-03-03,13:55,2024-03-05,10:29,20:34,(E/L)도어장치 장애
1호선,신천,E/L,#2,2024-03-07,13:15,2024-03-07,13:40,00:25,(E/L)구동장치 장애
2호선,대실,E/L,#1,2024-03-11,09:14,2024-03-11,10:15,01:01,(E/L)부속장치 장애
2호선,다사,E/L,#1,2024-03-15,18:16,2024-03-15,19:10,00:54,(E/L)도어장치 장애
2호선,청라언덕,E/L,#2,2024-03-16,05:30,2024-03-16,06:15,00:45,(E/L)제어장치 장애
2호선,청라언덕,E/L,#1,2024-03-16,06:51,2024-03-16,07:20,00:29,(E/L)도어장치 장애
1호선,동대구,E/L,#4,2024-03-16,08:47,2024-03-16,13:00,04:13,(E/L)구동장치 장애
1호선,송현,E/L,#3,2024-03-16,22:58,2024-03-17,06:30,07:32,(E/L)부속장치 장애
2호선,감삼,E/L,#1,2024-03-17,12:06,2024-03-17,12:35,00:29,(E/L)도어장치 장애
1호선,방촌,E/L,#3,2024-03-21,16:27,2024-03-21,17:10,00:43,(E/L)감지장치 장애
1호선,진천,E/L,#4,2024-03-25,07:58,2024-03-25,08:35,00:37,(E/L)도어장치 장애
2호선,담티,E/L,#1,2024-03-25,09:25,2024-03-25,10:10,00:45,(E/L)부속장치 장애
1호선,설화명곡,E/L,#3,2024-03-25,09:27,2024-03-25,11:00,01:33,(E/L)도어장치 장애
1호선,설화명곡,E/L,#3,2024-03-25,14:32,2024-03-25,15:20,00:48,(E/L)도어장치 장애
1호선,설화명곡,E/L,#3,2024-03-28,12:55,2024-03-28,16:00,03:05,(E/L)도어장치 장애
1호선,월촌,E/L,#2,2024-03-30,05:40,2024-03-30,07:15,01:35,(E/L)제어장치 장애
1호선,월촌,E/L,#2,2024-04-01,06:30,2024-04-01,07:00,00:30,(E/L)제어장치 장애
1호선,반월당,E/L,#2,2024-04-01,07:51,2024-04-01,10:00,02:09,(E/L)제어장치 장애
1호선,반월당,E/L,#2,2024-04-01,15:15,2024-04-01,17:00,01:45,(E/L)제어장치 장애
2호선,범어,E/L,#1,2024-04-02,14:03,2024-04-02,14:45,00:42,(E/L)도어장치 장애
2호선,다사,E/L,#1,2024-04-02,18:32,2024-04-02,19:50,01:17,(E/L)도어장치 장애
1호선,반야월,E/L,#1,2024-04-03,16:31,2024-04-03,17:40,01:08,(E/L)도어장치 장애
1호선,대곡,E/L,#1,2024-04-04,16:45,2024-04-04,17:30,00:45,(E/L)감지장치 장애
1호선,상인,E/L,#2,2024-04-04,21:58,2024-04-04,23:15,01:17,(E/L)제어장치 장애
1호선,상인,E/L,#2,2024-04-05,07:11,2024-04-05,07:40,00:29,(E/L)제어장치 장애
1호선,진천,E/L,#4,2024-04-05,09:15,2024-04-05,10:20,01:05,(E/L)도어장치 장애
1호선,반야월,E/L,#1,2024-04-06,10:54,2024-04-06,11:50,00:56,(E/L)도어장치 장애
1호선,현충로,E/L,#2,2024-04-07,15:05,2024-04-07,16:00,00:55,(E/L)감지장치 장애
1호선,중앙로,E/L,#4,2024-04-09,10:57,2024-04-09,12:00,01:03,(E/L)구동장치 장애
1호선,대명,E/L,#3,2024-04-09,19:38,2024-04-09,20:50,01:12,(E/L)부속장치 장애
1호선,동대구,E/L,#4,2024-04-10,07:13,2024-04-10,07:50,00:37,(E/L)도어장치 장애
1호선,반월당,E/L,#1,2024-04-11,11:20,2024-04-11,12:25,01:05,(E/L)제어장치 장애
2호선,대구은행,E/L,#2,2024-04-11,12:55,2024-04-11,13:30,00:35,(E/L)구동장치 장애
1호선,명덕,E/L,#1,2024-04-12,11:40,2024-04-12,14:00,02:20,(E/L)구동장치 장애
1호선,반월당,E/L,#1,2024-04-12,11:48,2024-04-12,15:00,03:12,(E/L)제어장치 장애
1호선,반월당,E/L,#2,2024-04-12,21:25,2024-04-12,22:20,00:55,(E/L)감지장치 장애
2호선,계명대,E/L,#2,2024-04-14,05:35,2024-04-14,07:00,01:25,(E/L)감지장치 장애
2호선,고산,E/L,#3,2024-04-16,10:46,2024-04-16,11:30,00:44,(E/L)부속장치 장애
1호선,설화명곡,E/L,#1,2024-04-16,11:32,2024-04-16,16:00,04:28,(E/L)도어장치 장애
1호선,신천,E/L,#1,2024-04-16,18:57,2024-04-16,19:50,00:53,(E/L)제어장치 장애
1호선,대곡,E/L,#1,2024-04-17,08:30,2024-04-17,12:00,03:30,(E/L)도어장치 장애
1호선,반월당,E/L,#1,2024-04-17,09:56,2024-04-17,17:00,07:04,(E/L)제어장치 장애
2호선,강창,E/L,#4,2024-04-17,12:06,2024-04-17,13:40,01:34,(E/L)도어장치 장애
1호선,신기,E/L,#1,2024-04-17,19:17,2024-04-17,20:15,00:58,(E/L)부속장치 장애
1호선,반월당,E/L,#1,2024-04-18,08:38,2024-04-18,10:30,01:52,(E/L)제어장치 장애
2호선,신매,E/L,#2,2024-04-19,09:34,2024-04-19,10:50,01:16,(E/S)구동장치 장애
1호선,안심,E/L,#1,2024-04-19,13:20,2024-04-19,15:10,01:50,(E/L)도어장치 장애
1호선,안심,E/L,#1,2024-04-23,09:00,2024-04-23,11:52,02:52,(E/L)제어장치 장애
1호선,반월당,E/L,#2,2024-04-23,12:19,2024-04-23,13:00,00:41,(E/L)제어장치 장애
1호선,중앙로,E/L,#1,2024-04-24,08:27,2024-04-24,09:15,00:48,(E/L)부속장치 장애
2호선,경대병원,E/L,#1,2024-04-24,14:26,2024-04-24,15:20,00:54,(E/L)부속장치 장애
1호선,송현,E/L,#1,2024-04-25,05:25,2024-04-25,06:10,00:45,(E/L)부속장치 장애
1호선,반월당,E/L,#2,2024-04-26,12:05,2024-04-26,13:40,01:35,(E/L)도어장치 장애
2호선,사월,E/L,#1,2024-04-29,09:52,2024-04-29,10:30,00:38,(E/L)도어장치 장애
2호선,대공원,E/L,#1,2024-05-03,23:00,2024-05-03,23:50,00:50,(E/L)감지장치 장애
2호선,대공원,E/L,#1,2024-05-07,16:06,2024-05-07,17:15,01:09,(E/L)제어장치 장애
2호선,사월,E/L,#1,2024-05-10,05:38,2024-05-10,06:30,00:52,(E/L)제어장치 장애
1호선,반월당,E/L,#3,2024-05-11,14:13,2024-05-11,14:50,00:37,(E/L)제어장치 장애
1호선,반야월,E/L,#4,2024-05-11,19:57,2024-05-11,21:00,01:03,(E/L)감지장치 장애
2호선,정평,E/L,#1,2024-05-14,16:06,2024-05-15,11:50,19:44,(E/L)제어장치 장애
1호선,설화명곡,E/L,#1,2024-05-17,17:13,2024-05-17,19:00,01:47,(E/L)도어장치 장애
1호선,설화명곡,E/L,#1,2024-05-18,11:07,2024-05-18,12:30,01:23,(E/L)도어장치 장애
2호선,다사,E/L,#4,2024-05-18,12:07,2024-05-18,14:00,01:53,(E/L)도어장치 장애
3호선,청라언덕,E/L,#1,2024-05-18,17:20,2024-05-18,18:27,01:07,(E/L)도어장치 장애
1호선,설화명곡,E/L,#1,2024-05-19,09:53,2024-05-19,13:00,03:07,(E/L)도어장치 장애
1호선,설화명곡,E/L,#1,2024-05-19,21:09,2024-05-19,22:30,01:21,(E/L)감지장치 장애
1호선,송현,E/L,#3,2024-05-20,06:05,2024-05-20,06:25,00:20,(E/L)도어장치 장애
1호선,월촌,E/L,#4,2024-05-20,06:25,2024-05-20,07:15,00:50,(E/L)제어장치 장애
1호선,설화명곡,E/L,#1,2024-05-20,09:02,2024-05-20,10:30,01:28,(E/L)도어장치 장애
1호선,설화명곡,E/L,#1,2024-05-21,05:30,2024-05-21,11:55,06:25,(E/L)제어장치 장애
2호선,계명대,E/L,#4,2024-05-21,07:12,2024-05-21,08:05,00:53,(E/L)부속장치 장애
1호선,월촌,E/L,#4,2024-05-22,06:19,2024-05-22,07:00,00:41,(E/L)제어장치 장애
1호선,설화명곡,E/L,#1,2024-05-22,14:59,2024-05-22,18:00,03:01,(E/L)도어장치 장애
1호선,월촌,E/L,#4,2024-05-23,06:14,2024-05-23,07:30,01:16,(E/L)제어장치 장애
1호선,방촌,E/L,#4,2024-05-23,13:53,2024-05-23,15:20,01:27,(E/L)감지장치 장애
1호선,설화명곡,E/L,#4,2024-05-23,20:58,2024-05-23,22:50,01:52,(E/L)도어장치 장애
2호선,강창,E/L,#3,2024-05-25,14:21,2024-05-25,14:50,00:29,(E/L)부속장치 장애
2호선,성서산단,E/L,#2,2024-05-29,14:15,2024-05-29,15:30,01:15,(E/L)도어장치 장애
1호선,진천,E/L,#1,2024-05-29,20:12,2024-05-29,20:40,00:28,(E/L)도어장치 장애
3호선,수성못(TBC),E/L,#1,2024-05-30,06:45,2024-05-30,07:32,00:47,(E/L)도어장치 장애
3호선,명덕,E/L,#2,2024-05-31,13:05,2024-05-31,13:49,00:44,(E/L)도어장치 장애
1호선,아양교,E/L,#1,2024-06-01,07:36,2024-06-01,09:00,01:24,(E/L)부속장치 장애
2호선,경대병원,E/L,#1,2024-06-06,09:35,2024-06-06,10:25,00:50,(E/L)제어장치 장애
1호선,신기,E/L,#3,2024-06-07,09:27,2024-06-07,10:55,01:28,(E/L)도어장치 장애
1호선,반월당,E/L,#3,2024-06-09,11:28,2024-06-09,11:50,00:22,(E/L)부속장치 장애
1호선,설화명곡,E/L,#1,2024-06-10,07:45,2024-06-10,10:00,02:15,(E/L)제어장치 장애
2호선,대공원,E/L,#3,2024-06-12,09:00,2024-06-12,10:00,00:59,(E/L)부속장치 장애
1호선,해안,E/L,#2,2024-06-13,05:30,2024-06-13,06:50,01:20,(E/L)부속장치 장애
1호선,설화명곡,E/L,#2,2024-06-14,05:42,2024-06-14,08:00,02:18,(E/L)구동장치 장애
2호선,계명대,E/L,#4,2024-06-14,19:13,2024-06-14,19:40,00:27,(E/L)부속장치 장애
1호선,영대병원,E/L,#1,2024-06-14,19:26,2024-06-14,20:20,00:54,(E/L)구동장치 장애
2호선,용산,E/L,#3,2024-06-15,11:53,2024-06-15,12:35,00:42,(E/L)도어장치 장애
2호선,두류,E/L,#1,2024-06-15,12:06,2024-06-15,12:20,00:14,(E/L)부속장치 장애
3호선,달성공원,E/L,#1,2024-06-15,13:10,2024-06-15,15:00,01:49,(E/L)제어장치 장애
1호선,방촌,E/L,#2,2024-06-16,17:49,2024-06-16,18:35,00:46,(E/L)도어장치 장애
1호선,해안,E/L,#1,2024-06-17,07:39,2024-06-17,08:20,00:41,(E/L)부속장치 장애
2호선,2반월당,E/L,#2,2024-06-18,17:29,2024-06-18,17:55,00:26,(E/L)감지장치 장애
1호선,월촌,E/L,#4,2024-06-19,08:25,2024-06-19,09:30,01:05,(E/L)제어장치 장애
1호선,신천,E/L,#3,2024-06-19,14:30,2024-06-19,15:15,00:45,(E/L)구동장치 장애
3호선,명덕,E/L,#3,2024-06-19,18:37,2024-06-19,19:14,00:37,(E/L)구동장치 장애
1호선,신천,E/L,#1,2024-06-19,21:00,2024-06-19,21:30,00:30,(E/L)부속장치 장애
1호선,대명,E/L,#1,2024-06-20,14:25,2024-06-20,15:30,01:05,(E/L)부속장치 장애
3호선,명덕,E/L,#6,2024-06-20,16:39,2024-06-20,17:32,00:53,(E/L)구동장치 장애
3호선,청라언덕,E/L,#6,2024-06-21,07:56,2024-06-21,09:55,01:59,(E/L)부속장치 장애
1호선,월촌,E/L,#2,2024-06-21,09:22,2024-06-21,09:55,00:32,(E/L)제어장치 장애
1호선,중앙로,E/L,#3,2024-06-22,07:00,2024-06-22,07:30,00:30,(E/L)감지장치 장애
1호선,진천,E/L,#1,2024-06-22,21:03,2024-06-22,22:30,01:27,(E/L)도어장치 장애
1호선,동구청(큰고개),E/L,#1,2024-06-23,14:21,2024-06-23,15:00,00:39,(E/L)구동장치 장애
1호선,서부정류장,E/L,#2,2024-06-24,10:55,2024-06-24,11:15,00:20,(E/L)부속장치 장애
1호선,용계,E/L,#3,2024-06-24,11:00,2024-06-24,11:40,00:40,(E/L)도어장치 장애
1호선,월촌,E/L,#2,2024-06-24,16:08,2024-06-24,17:30,01:22,(E/L)제어장치 장애
1호선,반월당,E/L,#3,2024-06-24,17:01,2024-06-24,17:30,00:29,(E/L)도어장치 장애
1호선,명덕,E/L,#1,2024-06-24,17:10,2024-06-24,18:30,01:20,(E/L)도어장치 장애
3호선,건들바위,E/L,#2,2024-06-25,14:10,2024-06-25,15:33,01:23,(E/L)제어장치 장애
1호선,동대구,E/L,#1,2024-06-26,06:07,2024-06-26,08:00,01:53,(E/L)부속장치 장애
1호선,각산,E/L,#4,2024-06-28,05:30,2024-06-28,07:00,01:30,(E/L)제어장치 장애
1호선,월촌,E/L,#2,2024-06-28,15:08,2024-06-28,16:30,01:22,(E/L)제어장치 장애
1호선,아양교,E/L,#1,2024-06-28,15:20,2024-06-28,16:50,01:30,(E/L)도어장치 장애
3호선,수성못(TBC),E/L,#1,2024-06-28,15:56,2024-06-28,16:37,00:41,(E/L)도어장치 장애
1호선,월촌,E/L,#2,2024-06-28,17:13,2024-06-28,18:40,01:27,(E/L)제어장치 장애
1호선,방촌,E/L,#2,2024-07-01,09:00,2024-07-01,11:30,02:30,(E/L)도어장치 장애
1호선,율하,E/L,#3,2024-07-01,14:39,2024-07-01,16:50,02:11,(E/L)도어장치 장애
1호선,대구역,E/L,#1,2024-07-02,05:30,2024-07-02,08:00,02:30,(E/L)제어장치 장애
3호선,매천,E/L,#3,2024-07-03,15:58,2024-07-03,17:05,01:07,(E/L)도어장치 장애
1호선,율하,E/L,#3,2024-07-04,18:20,2024-07-04,19:20,00:59,(E/L)제어장치 장애
2호선,2반월당,E/L,#1,2024-07-05,09:23,2024-07-05,10:00,00:37,(E/S)구동장치 장애
2호선,강창,E/L,#2,2024-07-05,10:38,2024-07-05,11:25,00:47,(E/L)도어장치 장애
1호선,율하,E/L,#3,2024-07-05,11:53,2024-07-05,14:00,02:07,(E/L)부속장치 장애
1호선,칠성시장,E/L,#3,2024-07-06,18:01,2024-07-06,19:10,01:08,(E/L)제어장치 장애
1호선,월배,E/L,#4,2024-07-07,13:09,2024-07-07,14:40,01:31,(E/L)도어장치 장애
2호선,만촌,E/L,#1,2024-07-08,05:51,2024-07-08,07:10,01:19,(E/L)도어장치 장애
2호선,다사,E/L,#3,2024-07-08,09:15,2024-07-08,10:10,00:55,(E/L)도어장치 장애
2호선,다사,E/L,#3,2024-07-08,14:57,2024-07-08,15:40,00:43,(E/L)도어장치 장애
1호선,동대구,E/L,#4,2024-07-09,05:59,2024-07-09,13:00,07:01,(E/L)제어장치 장애
3호선,청라언덕,E/L,#3,2024-07-09,07:31,2024-07-09,08:13,00:42,(E/L)제어장치 장애
2호선,용산,E/L,#1,2024-07-09,08:06,2024-07-09,10:50,02:44,(E/L)도어장치 장애
1호선,반월당,E/L,#1,2024-07-10,06:25,2024-07-10,10:30,04:05,(E/L)도어장치 장애
2호선,용산,E/L,#1,2024-07-10,07:15,2024-07-10,08:05,00:50,(E/L)부속장치 장애
1호선,중앙로,E/L,#1,2024-07-11,05:31,2024-07-11,06:30,00:59,(E/L)구동장치 장애
2호선,청라언덕,E/L,#2,2024-07-11,05:56,2024-07-11,06:25,00:28,(E/L)도어장치 장애
1호선,중앙로,E/L,#3,2024-07-17,16:05,2024-07-17,18:10,02:05,(E/L)제어장치 장애
2호선,성서산단,E/L,#1,2024-07-18,09:03,2024-07-18,09:40,00:37,(E/L)부속장치 장애
2호선,임당,E/L,#1,2024-07-18,15:47,2024-07-18,16:50,01:03,(E/L)부속장치 장애
3호선,팔달시장,E/L,#3,2024-07-19,10:50,2024-07-19,12:36,01:46,(E/L)도어장치 장애
1호선,각산,E/L,#2,2024-07-19,11:00,2024-07-20,18:10,07:10,(E/L)감지장치 장애
2호선,대공원,E/L,#5,2024-07-20,20:21,2024-07-20,21:30,01:09,(E/L)구동장치 장애
2호선,성서산단,E/L,#1,2024-07-21,15:08,2024-07-21,15:50,00:42,(E/L)부속장치 장애
1호선,현충로,E/L,#4,2024-07-22,09:25,2024-07-22,10:30,01:05,(E/L)도어장치 장애
1호선,반월당,E/L,#1,2024-07-23,08:13,2024-07-23,09:00,00:47,(E/L)도어장치 장애
1호선,동구청(큰고개),E/L,#1,2024-07-23,12:57,2024-07-23,14:10,01:13,(E/L)구동장치 장애
2호선,대공원,E/L,#5,2024-07-24,13:15,2024-07-24,13:45,00:30,(E/L)도어장치 장애
1호선,화원,E/L,#1,2024-07-28,12:21,2024-07-28,13:05,00:44,(E/L)감지장치 장애
1호선,용계,E/L,#3,2024-07-29,21:47,2024-07-29,22:10,00:23,(E/L)제어장치 장애
1호선,화원,E/L,#2,2024-07-31,15:47,2024-07-31,18:25,02:37,(E/L)부속장치 장애
2호선,담티,E/L,#1,2024-08-01,08:42,2024-08-01,10:20,01:38,(E/L)제어장치 장애
2호선,신매,E/L,#1,2024-08-01,13:14,2024-08-01,15:00,01:46,(E/L)도어장치 장애
1호선,월촌,E/L,#2,2024-08-02,08:10,2024-08-02,09:10,00:59,(E/L)제어장치 장애
2호선,담티,E/L,#1,2024-08-03,06:01,2024-08-03,09:00,02:59,(E/S)감지장치 장애
1호선,명덕,E/L,#1,2024-08-03,21:20,2024-08-03,22:20,01:00,(E/L)도어장치 장애
3호선,황금,E/L,#2,2024-08-03,10:08,2024-08-03,10:53,00:45,(E/L)도어장치 장애
2호선,대공원,E/L,#5,2024-08-04,17:38,2024-08-04,20:30,02:52,(E/L)제어장치 장애
1호선,대명,E/L,#2,2024-08-04,21:43,2024-08-04,22:50,01:06,(E/L)감지장치 장애
2호선,강창,E/L,#2,2024-08-05,10:34,2024-08-05,11:10,00:36,(E/L)도어장치 장애
1호선,반야월,E/L,#4,2024-08-05,13:44,2024-08-05,14:30,00:46,(E/L)도어장치 장애
2호선,죽전,E/L,#1,2024-08-05,18:42,2024-08-05,19:00,00:18,(E/L)제어장치 장애
1호선,대곡,E/L,#2,2024-08-06,05:29,2024-08-06,09:30,04:01,(E/L)제어장치 장애
1호선,진천,E/L,#2,2024-08-07,19:55,2024-08-08,07:00,11:05,(E/L)도어장치 장애
2호선,다사,E/L,#2,2024-08-09,05:35,2024-08-09,06:40,01:05,(E/L)부속장치 장애
1호선,대구역,E/L,#2,2024-08-10,21:30,2024-08-10,22:10,00:40,(E/L)부속장치 장애
1호선,교대,E/L,#2,2024-08-11,05:30,2024-08-11,06:45,01:15,(E/L)도어장치 장애
2호선,경대병원,E/L,#1,2024-08-12,09:08,2024-08-12,11:00,01:52,(E/L)제어장치 장애
2호선,대공원,E/L,#5,2024-08-14,08:13,2024-08-14,10:30,02:17,(E/L)도어장치 장애
1호선,설화명곡,E/L,#2,2024-08-16,17:15,2024-08-16,21:30,04:15,(E/L)도어장치 장애
2호선,정평,E/L,#2,2024-08-18,19:32,2024-08-18,22:00,02:28,(E/L)제어장치 장애
1호선,설화명곡,E/L,#2,2024-08-19,08:27,2024-08-19,10:00,01:33,(E/L)부속장치 장애
1호선,교대,E/L,#2,2024-08-19,23:18,2024-08-20,07:40,08:22,(E/L)도어장치 장애
1호선,송현,E/L,#4,2024-08-20,14:15,2024-08-20,15:00,00:45,(E/L)감지장치 장애
1호선,현충로,E/L,#4,2024-08-22,08:11,2024-08-22,09:30,01:19,(E/L)도어장치 장애
2호선,신매,E/L,#1,2024-08-25,12:37,2024-08-25,15:00,02:23,(E/L)제어장치 장애
2호선,대공원,E/L,#5,2024-08-25,21:07,2024-08-25,23:00,01:53,(E/L)제어장치 장애
1호선,설화명곡,E/L,#2,2024-08-26,13:00,2024-08-26,16:00,03:00,(E/L)도어장치 장애
2호선,대공원,E/L,#5,2024-08-31,07:31,2024-08-31,08:20,00:49,(E/L)부속장치 장애
1호선,중앙로,E/L,#3,2024-09-02,08:20,2024-09-02,09:30,01:10,(E/L)제어장치 장애
1호선,명덕,E/L,#3,2024-09-02,11:44,2024-09-02,12:20,00:36,(E/L)부속장치 장애
2호선,다사,E/L,#2,2024-09-02,13:10,2024-09-03,15:00,01:49,(E/L)도어장치 장애
2호선,범어,E/L,#2,2024-09-02,18:46,2024-09-02,19:40,00:54,(E/L)제어장치 장애
2호선,감삼,E/L,#1,2024-09-03,08:31,2024-09-03,09:00,00:29,(E/L)도어장치 장애
1호선,대명,E/L,#3,2024-09-03,10:07,2024-09-03,11:00,00:53,(E/L)부속장치 장애
1호선,동촌,E/L,#1,2024-09-05,08:34,2024-09-05,09:00,00:26,(E/L)부속장치 장애
1호선,반월당,E/L,#3,2024-09-05,22:17,2024-09-05,22:50,00:33,(E/L)구동장치 장애
2호선,성서산단,E/L,#2,2024-09-06,05:25,2024-09-06,06:15,00:50,(E/L)감지장치 장애
2호선,수성구청,E/L,#1,2024-09-06,09:08,2024-09-06,09:50,00:42,(E/L)부속장치 장애
1호선,설화명곡,E/L,#2,2024-09-09,12:36,2024-09-09,14:30,01:54,(E/L)도어장치 장애
2호선,대공원,E/L,#1,2024-09-09,13:01,2024-09-09,15:00,01:59,(E/L)감지장치 장애
1호선,신기,E/L,#3,2024-09-09,15:19,2024-09-09,16:15,00:56,(E/L)구동장치 장애
1호선,반월당,E/L,#3,2024-09-10,10:34,2024-09-10,11:05,00:31,(E/L)부속장치 장애
1호선,반월당,E/L,#3,2024-09-10,12:51,2024-09-10,14:00,01:09,(E/L)부속장치 장애
1호선,반월당,E/L,#3,2024-09-10,15:03,2024-09-10,16:30,01:27,(E/L)부속장치 장애
1호선,화원,E/L,#1,2024-09-11,05:30,2024-09-11,07:00,01:30,(E/L)감지장치 장애
1호선,반월당,E/L,#3,2024-09-11,07:59,2024-09-11,08:30,00:31,(E/L)제어장치 장애
1호선,신기,E/L,#3,2024-09-12,14:31,2024-09-12,15:25,00:54,(E/L)부속장치 장애
2호선,정평,E/L,#1,2024-09-13,13:15,2024-09-13,15:00,01:45,(E/L)제어장치 장애
1호선,중앙로,E/L,#3,2024-09-14,16:39,2024-09-14,17:40,01:01,(E/L)감지장치 장애
1호선,설화명곡,E/L,#4,2024-09-16,11:20,2024-09-16,12:55,01:35,(E/L)감지장치 장애
1호선,반월당,E/L,#3,2024-09-16,15:35,2024-09-16,16:20,00:45,(E/L)감지장치 장애
1호선,반월당,E/L,#1,2024-09-16,21:33,2024-09-16,22:20,00:47,(E/L)부속장치 장애
1호선,서부정류장,E/L,#1,2024-09-19,08:00,2024-09-19,08:55,00:55,(E/L)구동장치 장애
1호선,신기,E/L,#2,2024-09-19,14:50,2024-09-19,15:25,00:35,(E/L)도어장치 장애
1호선,중앙로,E/L,#3,2024-09-19,15:13,2024-09-19,22:20,07:07,(E/L)구동장치 장애
1호선,반월당,E/L,#3,2024-09-19,17:28,2024-09-19,18:45,01:17,(E/L)제어장치 장애
1호선,반월당,E/L,#3,2024-09-20,09:00,2024-09-20,10:30,01:30,(E/L)제어장치 장애
1호선,반월당,E/L,#2,2024-09-23,17:11,2024-09-23,19:00,01:49,(E/L)부속장치 장애
1호선,현충로,E/L,#4,2024-09-25,06:29,2024-09-25,07:00,00:31,(E/L)도어장치 장애
1호선,영대병원,E/L,#3,2024-09-25,06:35,2024-09-25,07:20,00:45,(E/L)부속장치 장애
2호선,수성구청,E/L,#1,2024-09-26,17:06,2024-09-26,18:00,00:54,(E/L)도어장치 장애
1호선,월배,E/L,#4,2024-09-28,19:35,2024-09-28,20:30,00:55,(E/L)부속장치 장애
1호선,월촌,E/L,#2,2024-09-30,08:01,2024-09-30,09:10,01:08,(E/L)제어장치 장애
3호선,명덕,E/L,#7,2024-09-30,19:21,2024-09-30,20:11,00:50,(E/L)제어장치 장애
1호선,아양교,E/L,#1,2024-09-30,19:26,2024-09-30,22:45,03:19,(E/L)도어장치 장애
